name,age,grade,subject
John Hughes,23,67,Physics
Catherine Flores,18,85,Physics
Raymond Ramirez,19,74,Math
Margaret Mitchell,21,68,Math
Karen Powell,20,96,Physics
Samuel Rogers,19,74,Chemistry
Roger Kelly,20,72,Chemistry
Christina Gutierrez,22,82,Physics
Christian Jimenez,18,96,Math
Christina Davis,20,74,Literature
Eric Harris,23,96,Physics
William Gonzalez,19,91,English
Barbara Gomez,18,71,Literature
Hannah Rogers,19,71,Chemistry
Kyle Watson,19,86,Chemistry
Amanda Robinson,23,95,English
Anna Carter,23,65,Chemistry
Andrew Campbell,20,72,Science
Pamela Davis,20,93,History
Joan Patel,21,68,History
Raymond Cook,22,75,Math
Kevin Russell,22,80,Chemistry
Brian Cook,19,76,Chemistry
Ryan Martinez,20,65,Biology
Madison Taylor,22,72,Science
Matthew Cox,19,88,Biology
Terry Davis,23,82,Chemistry
Jonathan Brooks,21,95,English
Jeffrey Nelson,22,88,History
Brian Parker,23,93,Biology
Gloria Kim,23,84,Math
Sean Rivera,22,96,History
Rebecca Mendoza,23,77,History
Rachel White,22,80,Chemistry
Dorothy Hill,23,67,History
Kathleen Adams,20,90,Chemistry
Ethan Bennett,19,79,Biology
Amanda Hernandez,22,99,Science
Andrea Rogers,19,81,Physics
Gerald Garcia,20,92,Physics
Ashley Perez,18,76,Physics
Carolyn Sanchez,21,92,Science
Jennifer Williams,19,69,Physics
Janet Parker,22,71,Physics
Paul Lee,20,82,English
Amanda Myers,21,67,Science
David Sanders,23,75,Math
Patrick Ward,22,97,Chemistry
Jessica Bennett,22,66,Physics
Jose Cox,19,82,Chemistry
Dorothy Gomez,19,99,Math
Edward Brown,20,87,History
Teresa Mitchell,18,100,Physics
Carl Adams,18,84,Math
Kenneth Ruiz,22,95,English
Raymond Wood,21,74,Physics
Nicholas Gomez,22,84,Math
John Davis,18,97,Literature
Deborah Smith,22,97,Biology
Jacob Parker,22,79,Literature
Ashley Murphy,23,73,Math
Victoria Gonzalez,22,91,Science
Ronald Howard,19,73,Science
Jonathan Perez,20,100,Biology
Hannah Richardson,18,100,Science
David Scott,22,74,English
Victoria Cook,21,74,Math
Emma Martin,21,70,Physics
Jack Morris,19,66,Physics
Ashley Kim,21,85,Math
Benjamin Ramos,18,89,Physics
Tyler Brown,22,67,Science
Justin Rogers,18,90,History
Jeremy Gonzalez,23,79,Biology
Walter Cox,19,65,Physics
Christopher Ruiz,22,76,Biology
Steven Lee,23,72,History
Patricia Gutierrez,20,72,Math
Jerry Kim,23,86,Science
Lisa Rogers,18,72,Literature
Samantha Ross,22,85,Physics
Hannah Miller,21,85,Biology
Scott Cook,22,73,Biology
Carol Wood,20,69,Science
Elizabeth Long,23,100,English
Shirley Brooks,19,88,History
Douglas Perez,18,71,Literature
Anna Young,21,83,Science
Laura Morris,23,67,Literature
Martha Morris,22,97,Biology
Jeffrey Collins,19,95,Physics
Nathan Reed,21,98,Biology
Angela King,20,65,History
Walter Jones,23,65,History
Shirley Ortiz,22,66,Physics
Nicholas Adams,19,95,Literature
Jose Baker,22,81,Physics
Richard Cook,18,85,Chemistry
Brenda Flores,23,87,Literature
Kyle Harris,19,98,Biology
Gary Brown,22,71,History
Martha Carter,22,86,Literature
Carolyn Ramos,22,92,English
Brenda Ramirez,22,70,Math
Nancy Bailey,21,97,Biology
Brian Ruiz,20,100,Science
Raymond Mitchell,23,79,History
Michael Perry,18,65,Biology
Susan Rodriguez,23,82,Biology
Joan Davis,21,74,Literature
Anna Cruz,21,79,Math
Teresa Murphy,20,89,Science
Anthony Ruiz,23,75,Literature
Amanda Flores,20,79,Literature
Austin Bennett,18,100,English
Pamela Smith,20,99,English
Jonathan Moore,22,66,English
Nicholas Ramos,22,77,Physics
Andrew Nguyen,19,96,Physics
Gregory Morris,21,82,Chemistry
Jeremy Ramos,23,78,English
Katherine Wilson,20,66,History
Richard Smith,23,80,Science
Richard Rogers,22,99,Math
Cheryl Morales,22,79,English
Deborah Turner,20,74,History
Emily Allen,22,81,History
Jacob Clark,21,93,Biology
Christian Taylor,19,88,History
Lisa Phillips,21,96,Biology
Nicholas Mitchell,21,93,Biology
Julie Lopez,22,78,English
Elizabeth Bailey,21,85,Physics
Dennis Hernandez,18,88,History
Patrick Sanchez,20,76,Physics
Helen Watson,21,93,Math
Aaron Brown,20,85,History
Christopher Morris,18,93,Chemistry
Janet Phillips,22,96,Biology
Jose Brown,19,87,English
Susan Myers,23,95,Biology
Deborah Ross,18,97,Physics
Heather Perez,20,81,Literature
Jessica Wright,19,90,Physics
Christian Gray,18,85,Physics
Andrea Sanchez,23,97,English
Raymond Wilson,23,80,Biology
James Martinez,19,79,Physics
Kyle Martinez,19,99,Chemistry
Andrew Price,19,65,Physics
Nancy Cook,21,90,Math
Donald Cruz,20,72,Physics
Madison James,21,76,Science
Evelyn Howard,18,98,Biology
Joshua Turner,19,71,History
Pamela Sanchez,20,98,Chemistry
Linda Johnson,21,91,English
Evelyn Perez,18,89,Literature
Margaret Moore,19,85,Biology
Lauren Jimenez,22,87,Physics
Sharon Hughes,22,84,Physics
Samuel Castillo,21,69,English
Gregory Young,21,95,Physics
Austin Garcia,18,94,Literature
Charles Clark,22,67,Biology
Joseph Collins,19,94,Science
Raymond Young,22,77,Physics
Brandon Perez,23,68,Math
George Rivera,18,98,English
Ashley Green,20,98,Science
Mark Taylor,21,80,Literature
Nicholas Kelly,23,87,Math
Samuel Davis,22,98,Math
Julie Foster,19,74,Math
Janet Price,18,76,Literature
David Rivera,18,68,Chemistry
Heather Jackson,20,83,English
Samuel Johnson,20,88,Biology
Sarah Wright,19,78,Chemistry
Joan Wood,20,89,History
Kevin Thompson,19,80,Biology
Olivia Ruiz,20,92,Literature
Rebecca Brooks,22,70,Biology
Kathleen Perry,19,72,Science
Scott Roberts,21,98,Biology
Melissa Johnson,20,79,Literature
Amy Robinson,20,71,Chemistry
Eric Scott,20,99,Biology
James Nguyen,21,92,Chemistry
Emma Mitchell,21,92,Physics
Megan King,19,66,Math
Gloria Ross,23,90,Science
Nancy Scott,20,79,Science
Thomas Wilson,21,88,Physics
Gerald Diaz,22,80,Math
Joshua Howard,19,85,Literature
Christine Young,21,79,Literature
Austin Young,21,73,Science
Janet Rogers,21,93,Biology
Kyle Peterson,22,79,Chemistry
Janet Thomas,21,71,Chemistry
Martha Castillo,20,99,Literature
Brandon Robinson,20,98,Chemistry
Donna Patel,19,70,History
Ryan Alvarez,20,70,Science
Donna Collins,22,75,Biology
Jacqueline White,18,85,Math
Roger Rivera,18,69,History
Donald Price,21,66,Math
Kelly Flores,20,65,Science
Kelly Baker,21,84,Literature
Linda Anderson,19,100,Physics
Amanda Rogers,18,78,English
Angela Ross,18,74,English
Donna Morgan,21,91,Biology
Ronald Robinson,22,69,History
Donald Davis,21,85,English
Roger Evans,23,99,Chemistry
Carolyn White,18,88,Science
Diane Powell,21,71,Chemistry
Tyler Wilson,20,83,Biology
Victoria Jenkins,22,75,Physics
Mark Price,21,87,Chemistry
Heather Murphy,20,96,History
Gary Taylor,21,97,English
Patrick Thomas,19,91,Literature
Patrick Evans,19,82,Physics
Mary Price,21,83,Chemistry
Jessica Sanders,18,85,Physics
Samantha Long,21,71,History
Debra Russell,19,99,Biology
Jerry Robinson,21,83,Chemistry
Robert King,18,77,History
Alexander Thomas,20,67,Physics
Heather Cooper,23,65,Literature
Angela Turner,21,78,English
Jose Reed,22,69,English
Raymond Perez,18,74,Literature
Teresa Jones,19,95,Physics
Catherine Moore,21,85,History
Anthony Chavez,19,82,Chemistry
Judith Young,21,90,Biology
Brenda Morgan,19,65,Science
Jessica Cox,22,69,Physics
Rachel Castillo,20,80,English
Justin Wilson,19,87,Chemistry
Betty Smith,23,82,Chemistry
Richard Martin,22,89,Biology
Emma Brooks,18,85,Biology
Brian Williams,18,70,Chemistry
Patrick Kelly,20,69,Chemistry
Dorothy Brown,18,74,History
Karen Robinson,21,91,Math
Joan Powell,19,86,Literature
Brandon Harris,22,95,English
Zachary Smith,23,94,Math
Jason Cox,18,65,Science
Brian Mitchell,21,80,Literature
Carl Cooper,22,68,Chemistry
Cheryl Moore,22,90,Math
Sharon Smith,20,98,Science
Paul Campbell,19,70,Literature
Victoria Morales,20,98,Math
Roger Wright,19,66,History
Virginia Collins,18,76,Physics
Nathan Sanders,18,74,Literature
Helen White,18,80,History
Brian James,18,71,Physics
Ronald Thompson,18,75,English
Deborah Nelson,22,88,Literature
Diane Davis,22,77,Biology
Kyle Price,18,87,Biology
Scott Smith,20,98,History
Karen Brown,20,98,Chemistry
Jessica Carter,23,74,Literature
Joyce Davis,18,73,English
Paul Clark,21,84,Biology
George Cooper,23,96,Biology
Jeffrey Ward,20,69,Chemistry
Joseph Wilson,19,85,History
Sean Smith,19,67,Science
Olivia Alvarez,19,76,Physics
Julie Reyes,22,80,Science
Eric Chavez,23,99,Chemistry
Rachel Ross,21,69,Physics
Jessica Stewart,19,99,Physics
Virginia Russell,21,67,History
Jennifer Morales,19,92,History
Gregory Turner,18,78,Physics
William Collins,19,67,Chemistry
Frank Powell,18,92,Chemistry
Raymond Chavez,20,96,Biology
Raymond Rogers,23,66,Science
Judith Phillips,21,82,Literature
Megan Lee,23,86,English
Jonathan Alvarez,22,94,Biology
Joshua Peterson,22,93,Chemistry
Keith Sanchez,23,75,Math
Brenda Brooks,19,81,Literature
Virginia Edwards,23,85,Math
Jonathan Sanchez,22,75,Science
Sharon Hill,22,78,Literature
Charles Williams,21,77,Biology
Amanda Foster,23,87,English
Tyler Johnson,23,100,English
Susan Clark,18,69,Physics
Andrew Anderson,22,75,Physics
Sean Stewart,19,85,Math
Madison Anderson,20,75,Literature
Cheryl Jimenez,23,83,English
Helen Myers,21,86,Biology
Christian Turner,21,90,Physics
Jason Martinez,19,78,Literature
Joan Morales,18,66,Physics
Patricia Kelly,23,75,History
Jessica Walker,20,76,Biology
Anthony Edwards,20,83,Biology
Ruth Wright,21,87,Chemistry
Sharon Thomas,20,85,Biology
Susan Ramos,18,95,Math
Rebecca Cox,19,84,Biology
Kevin Torres,22,67,English
Carl Nguyen,19,74,Science
Benjamin Nguyen,20,92,Physics
Thomas Ruiz,20,93,History
Amy Reed,20,65,Physics
Andrea Wilson,23,99,Literature
Lisa Cox,21,90,Math
Nicole King,23,70,Biology
Jeremy Cox,22,80,Physics
Amanda Scott,22,88,Science
Jessica Wilson,20,77,Biology
Gloria Clark,19,79,Math
Donald Johnson,19,71,Physics
William Powell,21,76,Chemistry
Shirley Mitchell,22,70,Literature
Raymond Bennett,19,89,English
Melissa Smith,18,100,History
Evelyn Brooks,21,87,English
Joan Martin,19,94,Chemistry
Judith Alvarez,18,90,English
Jason Richardson,18,99,Physics
Peter Ramirez,18,92,History
Amy Phillips,21,66,Science
Thomas Jimenez,21,81,Biology
Kevin Evans,18,71,English
Stephanie Sanders,18,74,Biology
Victoria Wood,18,83,History
Ruth Davis,22,88,Literature
Alexander Wood,23,88,History
Elizabeth Jackson,18,98,Math
Stephanie Rivera,21,93,History
Deborah Wood,20,100,English
Donald Thompson,22,94,Physics
Judith James,19,97,English
William Sanchez,18,95,History
John Kelly,18,87,English
Carol Phillips,21,86,Biology
Walter Scott,21,100,English
Judith Lopez,18,97,Chemistry
Noah Myers,19,69,English
Amy Price,23,92,English
Kathleen Young,20,92,Literature
Joan Gray,19,66,Science
Ronald Lewis,20,97,Physics
Christina Alvarez,23,92,Chemistry
Jennifer Roberts,19,72,Biology
Stephanie Ward,22,71,Biology
Robert Foster,18,75,Biology
Walter Smith,19,96,Literature
Ruth Smith,21,92,History
Judith Nguyen,22,71,English
Jacob Martinez,19,99,Biology
Jeffrey Gomez,21,71,Math
Debra Thompson,21,81,Science
Hannah Roberts,18,94,Math
Scott Torres,20,80,Science
Stephanie Robinson,22,74,English
Roger Reed,23,98,Biology
Patrick Myers,23,89,Math
Janet Gonzalez,21,65,Literature
Jerry Gutierrez,18,90,Chemistry
John King,23,95,English
Madison Hall,20,91,Chemistry
Kelly Morris,21,100,Literature
David Torres,22,70,Chemistry
Jack Young,22,68,Biology
Ruth Mendoza,18,80,English
Kathleen Hill,21,92,Science
Matthew Kim,22,88,Math
Judith Wood,23,79,Biology
Amanda Ramirez,21,73,History
Peter Price,22,73,History
Carolyn Wright,20,74,Literature
Jennifer Long,22,87,Chemistry
Eric Gutierrez,19,92,Physics
Joan Flores,20,88,Physics
Jennifer Bennett,18,93,Chemistry
Diane Peterson,20,92,History
Nicole Gonzalez,22,65,English
Michael Reed,22,96,Math
Patricia Hall,22,66,Literature
Sean Thomas,21,85,Biology
Daniel Walker,19,95,Math
Alexander Davis,18,72,History
Scott King,18,90,Physics
Ronald Bailey,22,75,Biology
Michael Anderson,23,100,Physics
David Jimenez,19,76,Literature
Joshua Rogers,21,74,Science
Megan Rodriguez,19,91,Biology
Elizabeth Walker,19,88,Chemistry
Ryan Walker,20,67,Science
Joseph Cruz,21,99,Science
Melissa Parker,18,88,Math
Brenda Murphy,18,82,Chemistry
Sandra Jenkins,20,89,Physics
Scott Brooks,19,87,Math
Donna Myers,18,76,Literature
Betty Garcia,20,78,English
Joan Young,18,93,Biology
Ryan Moore,19,69,Biology
Michael Roberts,20,90,Science
Debra Harris,19,72,Science
Emily Hughes,20,81,Science
Thomas Cruz,18,89,Science
Zachary Bailey,22,79,Math
Deborah Hall,22,65,History
Steven Murphy,20,71,Physics
Steven Howard,18,92,English
Margaret Hernandez,22,79,English
Andrew Perez,20,90,Physics
Samuel Perry,19,66,Physics
Joseph Reed,20,86,English
Larry Jones,18,93,Literature
Brenda Hughes,23,88,Physics
Eric Gray,21,94,Biology
Thomas Carter,21,88,Math
Nicole Robinson,21,97,Biology
Alexander Richardson,18,96,Math
Benjamin Miller,22,87,Biology
Dorothy Lee,19,74,English
Amanda Allen,18,81,Math
Andrea Nelson,22,69,Chemistry
Justin Hernandez,19,82,Math
Patricia Anderson,21,99,Physics
Richard Jenkins,20,96,Physics
Dorothy White,19,98,Biology
Donald Nelson,19,73,Science
Charles Ross,18,77,Physics
Megan Bailey,20,81,Biology
Ryan Martin,21,72,Science
Judith Garcia,21,97,Chemistry
Roger Allen,23,75,Physics
Cynthia Cook,23,77,Biology
Raymond Patel,18,95,Physics
Charles Mendoza,20,65,History
William Davis,23,73,History
Joyce Roberts,20,94,Science
Melissa Flores,19,98,History
Ethan Patel,21,69,Physics
William Thompson,18,65,Physics
Mary Wood,19,78,Chemistry
Nancy Foster,23,69,English
Alexander Howard,22,87,Chemistry
David Diaz,19,96,Math
Anna White,20,76,Literature
Patrick Phillips,22,85,Literature
Alexander Johnson,20,85,Biology
Carl Cook,23,85,Chemistry
Gloria Cooper,20,65,English
Emma Allen,21,83,Biology
Linda Hernandez,23,85,Math
Brian Alvarez,22,78,Literature
John Miller,18,87,Science
Keith Reyes,18,78,Math
Brandon Ramirez,19,96,Biology
Douglas Ross,18,100,Chemistry
Gerald Bailey,19,97,Math
Adam Brown,23,68,Math
Barbara Gray,21,74,Biology
Pamela Clark,18,76,Science
Stephen Walker,22,95,Chemistry
Teresa Collins,23,81,History
Steven Alvarez,21,81,Chemistry
Cynthia Russell,21,65,Science
Matthew Mendoza,20,72,Physics
Brian Chavez,19,82,Math
Kimberly Clark,23,91,Math
Catherine Martin,23,65,Math
Katherine Price,21,70,Literature
Samuel Jenkins,19,96,Science
Melissa Evans,19,94,Science
Eric Green,22,83,Literature
Patricia Martinez,20,94,Science
Steven Long,21,85,Math
Andrea Rivera,21,85,Literature
Deborah Garcia,20,99,Physics
Nancy Davis,18,79,Math
Kathleen Campbell,22,84,Science
Melissa Reyes,22,98,Chemistry
Jacob Moore,20,97,Science
Noah Wilson,23,77,Science
Brenda Edwards,23,99,Math
Alexander Morgan,20,67,Biology
Linda Ross,19,84,Science
Nicole Cruz,23,73,Biology
Christian Alvarez,23,86,Math
Melissa Reed,20,81,English
Christina Myers,22,88,Chemistry
Roger Mitchell,19,100,Biology
Kyle Brooks,20,76,Biology
Jonathan Rogers,18,93,Physics
Nathan Jimenez,21,83,Biology
Stephen Brown,23,89,Biology
Anna Morris,21,73,Physics
Debra Lee,21,94,Science
Karen Kelly,22,79,Literature
Maria Williams,21,99,Science
Patricia Garcia,18,96,History
Cheryl Alvarez,20,89,Math
Carol Flores,20,83,Physics
Adam Castillo,19,85,Science
Austin Roberts,19,93,Science
Tyler Stewart,21,99,Science
Nancy Miller,21,85,English
Gary Murphy,20,93,Literature
Evelyn Jimenez,18,96,Literature
Laura Davis,19,81,Physics
Ashley Russell,18,68,Physics
Christina Sanchez,20,76,Physics
Debra Patel,23,83,English
Michael Garcia,23,79,Literature
Keith Richardson,22,73,History
Laura Diaz,22,93,English
Debra Clark,19,91,Biology
Daniel Thompson,19,93,Chemistry
Anna Hernandez,21,72,Physics
Zachary Scott,22,76,Literature
Raymond Parker,19,98,Literature
Hannah Collins,19,79,Physics
Victoria Murphy,23,93,English
Patricia Phillips,18,85,English
Kyle Anderson,18,73,Science
Maria Baker,20,98,Biology
Ronald Allen,22,79,Biology
Michael Hall,20,87,Literature
William Jimenez,19,87,Math
Judith Allen,20,99,Physics
Deborah Reed,18,69,Math
Gregory Anderson,23,99,Math
Gloria Peterson,20,91,Physics
Raymond Jackson,20,78,Literature
Walter Moore,21,77,History
Joseph Ross,18,90,Biology
Christian Baker,19,100,Literature
Noah Ramirez,20,86,History
Anna Ross,22,86,English
Ashley Collins,20,91,Math
Helen Gray,20,89,History
Linda Harris,21,83,Physics
Walter Nelson,22,75,Math
Matthew James,22,97,Biology
Matthew Rogers,21,98,Chemistry
Donald Stewart,20,99,Physics
Lauren Peterson,22,77,Physics
Michael Harris,19,88,Math
Donna Lee,18,79,Math
Jacqueline Brooks,21,95,Physics
Joshua Adams,20,86,Literature
Kenneth Russell,22,78,English
Walter Campbell,22,99,Physics
Gerald Ramos,22,66,Science
Elizabeth Sanders,19,80,Biology
Walter Robinson,19,69,Biology
Cheryl Mendoza,20,86,History
Andrea Ruiz,23,76,History
Ryan Lee,19,75,English
Peter Clark,21,83,Chemistry
Nancy Carter,18,98,History
Ashley Ross,23,85,Math
Raymond Thomas,18,65,Chemistry
Frank Baker,19,73,Math
Betty Perry,21,95,History
Patricia Sanchez,21,90,Biology
Susan Diaz,20,88,English
Donald Anderson,22,80,Chemistry
Martha Murphy,20,68,Math
Michelle Wood,18,76,Science
Mark Edwards,23,95,Biology
Shirley Bailey,23,95,Science
Debra Myers,18,94,Biology
Roger Green,19,73,Physics
Thomas Hill,23,84,Literature
Emma Mendoza,23,65,Literature
Jose Allen,20,76,Biology
Samantha Taylor,23,88,English
Jason Robinson,22,75,Physics
Carolyn Gomez,20,87,Chemistry
Larry Foster,20,86,Science
Sharon Morales,22,96,Math
Madison Miller,22,66,English
Frank Cruz,23,82,Biology
Cheryl Perry,20,68,Math
Gloria Morris,19,69,English
Patricia Jones,23,85,English
Joyce Hernandez,23,96,Biology
Jonathan Rodriguez,23,77,History
Timothy Russell,18,70,Science
Ronald Ruiz,20,97,Math
Joseph Perry,18,71,Math
Aaron Kim,19,79,Science
Walter Lee,23,81,Science
Rebecca Jones,21,77,Literature
Walter Rivera,21,80,Science
Sean Roberts,21,85,Biology
Kelly Ortiz,22,90,Biology
Joan White,23,77,Physics
Hannah Lopez,18,98,Physics
Roger Alvarez,20,95,History
Nicholas Thompson,23,99,Literature
Patricia Morgan,18,76,Math
Margaret Richardson,21,77,Science
Sharon Wright,18,75,English
Joyce Alvarez,21,77,History
Michael Jackson,19,69,Physics
Nancy Kelly,22,87,Chemistry
Anna Jones,22,98,Biology
Donna Murphy,19,68,Science
Emma Thomas,23,88,Math
Lauren Moore,21,99,Physics
Deborah Brown,20,71,Math
Sharon Patel,20,83,History
Sharon Campbell,21,69,Physics
Brandon Miller,19,78,English
Joyce Lee,21,90,History
Roger Anderson,20,85,Math
Roger Cruz,18,96,Biology
Judith Mendoza,18,94,History
Scott Stewart,22,97,Math
Tyler Scott,18,82,Chemistry
Betty Wilson,23,85,English
Megan Sanchez,20,92,Literature
Douglas Cox,21,85,Literature
Ethan Lewis,18,98,Biology
Gloria Ruiz,19,69,Biology
Jeremy Phillips,23,78,English
Dennis Sanders,23,88,History
Teresa Walker,22,68,English
Edward Murphy,19,97,Biology
Noah Hill,20,70,Literature
Larry Morris,21,75,Literature
Jack Powell,19,78,Science
Rachel Wright,22,69,History
Susan Young,23,96,Physics
Raymond Price,23,78,Chemistry
Emily Chavez,21,93,Math
Kevin Hernandez,21,94,English
Rebecca Adams,22,89,English
Michael Alvarez,19,80,Literature
Martha Campbell,19,79,Chemistry
Shirley Rivera,21,93,History
Diane Alvarez,23,100,English
Elizabeth Clark,19,68,Literature
Walter Martinez,20,95,Math
Charles Martinez,19,66,Physics
Justin Mendoza,20,72,Chemistry
Lisa Ruiz,20,92,History
Raymond Lee,21,86,Science
Brenda Myers,21,74,Biology
Shirley Wright,21,83,Physics
Martha Flores,20,70,History
Laura Brooks,19,88,Chemistry
Frank Lee,22,65,History
Andrea Johnson,19,96,Science
Lisa Wilson,20,67,Science
Sean Watson,22,99,History
Robert Young,21,70,Physics
Pamela Lee,21,96,Biology
Thomas Diaz,20,91,English
Brian Brooks,22,89,Chemistry
Sean Chavez,21,100,History
Richard Lewis,21,88,History
Brandon Mitchell,22,66,Literature
Scott Ross,21,68,Literature
Kevin Edwards,20,79,Literature
Karen Evans,20,97,English
Brandon Brooks,21,98,Physics
Anthony Cox,20,82,History
Rachel Davis,20,84,History
Anna Morales,18,100,Literature
Ronald Morgan,18,76,History
Jack Harris,22,80,Physics
Kyle Thomas,19,88,Math
Brandon Turner,19,88,Literature
Christopher Baker,19,66,Literature
Kathleen Evans,18,65,History
Mark Richardson,23,91,Physics
Heather Nguyen,19,89,Chemistry
Helen Ramos,21,86,Chemistry
Madison Rogers,18,84,Biology
Jason Gray,19,70,Physics
Donald Jones,21,88,Physics
Angela Torres,20,82,Biology
Christian Cox,18,78,History
Lisa Watson,21,72,English
Ruth Sanchez,22,73,History
Barbara Patel,19,78,Biology
Helen Cook,20,66,English
Jeffrey Diaz,23,94,Math
Jack Sanchez,23,90,Biology
Austin Cox,22,82,History
Timothy Morgan,18,85,Biology
Christina Kelly,22,79,Biology
Nicole Martinez,23,84,History
Megan Harris,18,77,Literature
Alexander Jimenez,23,93,Literature
Kimberly James,21,71,Biology
Victoria Jackson,20,94,English
Jacqueline Evans,22,94,Math
Ronald Campbell,20,66,Literature
Christian Ward,21,85,History
Megan Wilson,22,65,Physics
Janet Young,18,89,Physics
Debra Rivera,18,86,Physics
Brenda Cruz,21,67,History
Martha Alvarez,19,70,Chemistry
Heather Perry,21,75,Chemistry
Charles Howard,22,97,Science
Ryan Thomas,23,78,Science
Amanda Baker,21,93,Biology
Patrick Ross,20,69,Biology
Heather Hall,23,74,Biology
Joshua Chavez,21,96,History
Evelyn Taylor,18,68,Math
Jose Hill,19,91,History
Matthew Hall,23,81,Physics
Jacob Baker,22,96,Science
Christian Perry,23,89,Chemistry
Charles Young,22,89,Physics
Jose Torres,22,97,Biology
Jacob Perez,21,77,Math
Andrew Young,18,86,History
Paul Moore,21,69,English
Joyce Mitchell,18,70,Biology
Joshua Lopez,22,77,Physics
Ryan James,21,70,Biology
Dorothy Cruz,18,74,Math
Jennifer King,18,68,History
Anna Taylor,20,85,English
Richard Mendoza,22,93,Literature
Paul Mendoza,18,86,Science
Christina Russell,22,74,History
Patricia Moore,20,77,Biology
Karen Richardson,23,100,Chemistry
Barbara Williams,21,81,Science
Jose Jackson,22,72,Biology
Barbara Alvarez,18,79,Math
Alexander Gray,20,80,Physics
Jeffrey Morris,18,75,Science
Olivia James,21,79,English
Amy Perry,18,81,English
Samuel Evans,21,93,Biology
Lisa Brooks,21,83,Literature
Ashley Parker,19,84,Physics
Betty Jones,19,89,Chemistry
Shirley Cook,18,99,History
Heather Young,18,76,Biology
Raymond Anderson,19,93,History
Mary Jones,21,94,Chemistry
Eric Reyes,20,100,Physics
Debra Peterson,18,73,History
Shirley Davis,22,97,English
Andrew Thompson,21,91,Physics
Gloria Kelly,22,86,Literature
Joseph Brooks,23,88,Biology
Douglas Johnson,19,76,English
Amanda Turner,23,84,History
Amanda Mitchell,23,94,Biology
Christian Russell,19,94,Biology
Lauren Hill,21,91,Math
Christian Smith,22,68,History
Christian Carter,22,75,Literature
Jeffrey Campbell,18,91,English
Peter Ortiz,18,100,Physics
Christopher Lewis,20,74,Chemistry
Michelle Jackson,22,68,Biology
Kevin Sanders,19,80,Physics
Katherine Martin,18,85,Literature
Donna Phillips,19,68,Chemistry
Raymond Kelly,19,89,Physics
Joseph Scott,23,80,Physics
Victoria Martin,21,73,Physics
Mark Perez,18,100,History
Jacqueline Myers,22,67,Biology
Kathleen Hall,22,84,History
Sandra Ramos,22,92,Science
Katherine Scott,20,91,English
Jacqueline Walker,19,87,Biology
David Martin,18,82,Math
Gerald Reyes,19,76,English
Tyler Mendoza,20,84,English
Nicole Chavez,18,83,English
Cynthia Powell,19,83,Literature
Richard Ross,21,68,Math
Douglas James,20,85,English
Scott Parker,18,65,Literature
Sarah Brooks,23,92,Physics
David Mitchell,21,77,Science
Jack Turner,18,99,Math
Michelle Rogers,18,70,History
Carol Reyes,23,74,English
Daniel Ruiz,20,82,Literature
Tyler Russell,23,75,Chemistry
Victoria Hernandez,22,89,History
Katherine Russell,18,95,Chemistry
Keith Clark,22,72,Math
Janet Harris,21,84,History
Lauren Adams,20,85,Literature
Hannah Cook,23,89,Physics
Amanda Martin,23,77,Chemistry
Matthew Long,22,75,Chemistry
Adam Patel,18,75,English
Patrick Morris,23,83,Science
Joyce Rodriguez,23,65,Science
Cynthia Lopez,20,80,English
Heather Ramirez,23,82,Chemistry
Shirley Nguyen,18,95,Science
Rebecca Hernandez,21,100,Physics
Jeremy Stewart,22,75,Chemistry
Nancy Flores,20,65,History
Amy Torres,23,99,History
Nicholas Parker,18,97,History
Jennifer Gomez,20,86,Biology
Melissa Brooks,22,79,Biology
Kelly Martinez,19,83,Literature
Teresa Hughes,22,72,English
Andrew Lopez,20,91,Science
Susan Thompson,20,86,English
Ashley Gonzalez,22,82,History
Jack Patel,18,87,Math
Jeremy Gutierrez,19,100,Literature
Sandra Turner,23,92,Biology
Scott Howard,18,70,History
Larry Martinez,19,77,Math
Brian Anderson,18,80,Science
Thomas Price,23,99,Literature
Jeremy Ruiz,22,90,Math
Alexander Carter,21,79,Math
Evelyn Price,22,70,Chemistry
Peter Jones,22,77,Chemistry
Noah Baker,20,97,Biology
Ashley Hill,22,70,Science
Diane Morales,18,67,English
Jacqueline Murphy,23,84,Chemistry
Jeffrey Martin,18,89,Science
Andrea Young,22,95,Physics
Cynthia Walker,23,100,Physics
Sean Allen,21,69,Literature
Carol Lopez,23,92,Biology
Jeffrey Foster,20,82,Physics
Aaron Morgan,23,100,Biology
Alexander Price,18,66,Biology
Kathleen Gutierrez,19,84,Physics
Kathleen Cruz,23,79,Chemistry
Brenda Howard,22,80,Science
David Hernandez,19,92,Science
William Perez,18,96,Literature
Emma Ross,19,70,Math
Samantha Cook,21,70,Literature
Matthew Smith,23,84,Math
Betty Scott,22,80,Science
Megan Lewis,23,91,Chemistry
Katherine Cox,21,72,Math
Brenda Jackson,18,80,Science
Benjamin Garcia,22,79,Chemistry
Melissa Scott,23,77,English
Sarah Watson,19,82,History
Austin Howard,18,68,History
Jacqueline Parker,19,87,English
Sharon Long,20,66,Biology
Melissa Wilson,21,94,English
Jeremy Gomez,18,96,Math
Steven Jackson,20,85,English
Sean Evans,20,77,Math
Angela Phillips,18,78,Physics
Karen White,23,91,History
Larry Watson,23,80,English
Emily Miller,20,67,Chemistry
Roger Sanchez,23,66,Physics
Mary Moore,19,66,Biology
Patricia Stewart,22,88,English
Catherine Johnson,23,92,Literature
Heather Hill,19,79,History
Victoria Richardson,20,97,Science
Charles Davis,23,74,Chemistry
Donald Watson,22,70,Biology
Gregory Foster,22,70,Physics
Kenneth Price,21,84,Science
Martha Roberts,22,92,Literature
Ruth Reed,22,90,Chemistry
Zachary Phillips,21,99,Biology
Olivia Evans,20,74,English
Joyce Hill,20,68,Biology
Samantha Lewis,22,71,Physics
Gerald Thomas,20,69,Chemistry
Benjamin Perez,23,94,Biology
Katherine Brown,18,91,Literature
Karen Ward,19,70,Biology
Shirley Lewis,21,86,Biology
Carolyn Davis,21,77,English
Adam Bailey,23,83,Math
Joyce Gonzalez,18,92,Physics
Christine Thompson,18,75,Literature
Jason Peterson,23,87,Science
Richard Price,23,84,Science
Terry Castillo,19,78,History
Shirley Torres,18,84,English
Michael Stewart,21,65,Science
Heather Davis,18,78,Math
Jacob Lewis,23,85,History
Nancy Morris,18,78,History
Kevin Rogers,23,67,Literature
Justin Sanchez,18,100,Biology
Lisa Lopez,23,67,Literature
Scott Baker,22,86,Biology
Ethan Ruiz,19,98,Literature
Deborah Myers,20,73,Science
Sean Wilson,22,72,Physics
Ryan Thompson,19,87,History
Christine Robinson,19,96,Biology
Raymond Ross,19,68,Chemistry
Brenda Hernandez,18,82,Math
Joseph Rivera,23,80,Physics
Joshua Ruiz,23,87,Physics
Amanda Price,22,68,Science
Susan Cox,21,85,English
Nathan Murphy,23,99,Biology
Amanda Howard,19,68,Physics
Christina Gonzalez,19,96,Biology
Mark Ramirez,22,97,Chemistry
Judith Sanders,19,97,English
Rachel Perez,22,87,Biology
Gloria Campbell,19,73,English
John Thompson,18,99,Math
Richard Hall,23,71,Chemistry
Donna Brown,20,93,Chemistry
Ryan Cruz,18,100,Literature
Carolyn Johnson,22,78,Physics
Donald Cooper,23,80,Biology
Eric Flores,20,87,Math
Cheryl Taylor,22,81,Math
Anthony Carter,18,91,Science
Karen Howard,18,95,English
Shirley Parker,23,97,Science
Raymond Martinez,18,68,Literature
Jacqueline Robinson,18,85,Science
Jennifer Myers,22,97,History
Emily Wood,22,70,Chemistry
Emma Roberts,20,76,Physics
Raymond Ortiz,19,84,Science
Jeffrey Price,19,65,English
Douglas Brooks,18,72,Science
Kyle Hill,19,92,Chemistry
Gary Cook,18,97,Math
Benjamin Collins,18,87,Biology
Frank Nelson,18,90,Biology
Janet Bailey,20,72,Science
Mark Thompson,22,66,Literature
Jose Hernandez,21,66,Physics
Raymond Morris,20,87,Science
Kelly Bailey,19,87,English
Michelle Cook,22,66,Biology
Judith Cruz,22,86,Literature
Keith Murphy,19,69,Math
Eric Gonzalez,20,71,Chemistry
Eric Long,21,84,Biology
Justin Smith,22,66,Science
Jeremy Robinson,19,93,Literature
Steven Allen,22,72,Physics
Debra Roberts,23,99,Chemistry
Austin Hernandez,21,99,Biology
Gregory Lopez,18,71,Literature
Mark Ortiz,23,77,Math
Joshua Harris,19,100,Science
Justin Richardson,22,96,Biology
Lisa Chavez,23,84,English
Gregory Gonzalez,22,98,Literature
Carol Kelly,22,77,Physics
Christine Reyes,23,82,Math
Nathan Jones,23,73,History
Emma Davis,18,95,Chemistry
Maria Davis,22,73,Literature
Ashley Chavez,18,73,Physics
Dennis Nelson,18,99,Chemistry
Jessica Ortiz,23,93,History
Lauren Castillo,22,90,History
Ronald Cox,18,77,Literature
Sarah Diaz,23,94,Science
Heather Powell,19,92,Chemistry
Gerald Gutierrez,18,65,History
Diane Williams,22,85,Science
Paul Johnson,20,80,Math
Amanda Miller,20,92,Biology
Sandra Davis,22,77,Biology
Emma Collins,19,99,Science
Terry Miller,23,65,Literature
Walter Price,20,100,Biology
Madison Rivera,23,74,History
Lauren Robinson,22,99,Physics
Jason Powell,18,96,History
Dennis Kelly,20,73,Literature
Larry Lopez,19,82,Physics
Lisa Flores,18,68,Literature
Hannah Martin,20,86,Literature
Judith Peterson,21,66,Science
Justin Brown,22,87,Physics
Teresa Cooper,18,68,Biology
Ruth Jones,20,89,Science
Richard Campbell,22,77,Chemistry
Megan Walker,20,80,English
Nicole Kelly,20,98,Physics
Carol Morris,23,82,Physics
Alexander James,23,78,English
Rachel Campbell,21,67,Chemistry
Scott Long,23,83,History
Lisa Morales,22,92,English
Mary Gonzalez,19,83,Literature
Nicole Sanchez,22,69,Science
Adam Harris,20,81,History
Thomas Bailey,21,85,Science
Lisa Reed,20,67,Chemistry
Anna Hughes,18,75,English
Lisa Walker,18,75,Biology
Jessica Mitchell,20,74,Math
Joan Jones,18,67,Physics
Timothy Cox,19,87,History
Daniel Gonzalez,20,70,History
Scott Mitchell,19,66,English
Maria Morgan,18,97,English
Amy Scott,18,91,Chemistry
Ryan Wilson,20,82,Science
Rachel Cook,21,96,English
Scott Young,23,71,History
William Foster,18,95,Physics
Alexander Russell,20,71,Math
Walter Thompson,18,67,Literature
Kimberly Long,22,85,Physics
Olivia Castillo,23,79,English
Jason Bailey,21,67,History
Stephanie Rogers,22,97,Chemistry
Samantha Mitchell,20,88,Physics
Peter Nelson,18,76,Physics
Charles Rodriguez,18,100,History
Carol Lewis,23,93,Physics
Ruth Hernandez,20,86,Math
Kimberly Myers,20,86,Chemistry
Nathan Hall,22,94,History
Nancy Ross,18,72,Science
Steven Walker,20,73,History
Pamela Anderson,20,70,Physics
Judith Roberts,18,69,Chemistry
Jerry Gonzalez,21,86,Math
Angela Allen,19,67,Chemistry
Evelyn Cooper,18,73,Science
Michelle Torres,19,72,Chemistry
Angela Nelson,20,97,Science
Peter Parker,22,74,Literature
Tyler Patel,21,65,Biology
Kyle Turner,23,93,Math
Gerald Morgan,23,81,History
Gregory Bailey,21,80,History
Donald Thomas,22,68,Biology
Stephanie Cooper,20,83,History
Noah Chavez,20,71,Physics
Mary Flores,18,85,Physics
Barbara Cruz,19,82,Science
Sean Carter,20,67,Math
Zachary Morris,18,66,English
Karen Torres,22,66,Biology
Jennifer Reed,21,99,Biology
Anthony Johnson,22,76,English
Debra Diaz,19,79,Physics
Noah Carter,18,78,Literature
Ruth Morales,18,77,Chemistry
Michael Kelly,22,82,History
Janet Russell,20,83,Chemistry
Kevin Bennett,20,88,Math
Megan Ramirez,23,68,English
Scott Gonzalez,18,79,Chemistry
Emma Gray,18,70,Literature
Mary Brooks,22,84,English
Jerry Parker,19,90,Science
Jonathan Taylor,22,74,English
Frank Collins,23,86,English
Maria Martinez,21,71,Math
Lisa Collins,23,66,Literature
Emily Ramos,22,73,Chemistry
Emma Gonzalez,19,84,Science
Samantha Myers,23,76,History
Carl Thomas,19,79,Chemistry
Helen Murphy,23,92,History
Nathan Wilson,21,82,Biology
Hannah Long,23,83,History
Martha Sanders,22,73,Literature
Linda Martin,21,100,History
Emily Alvarez,20,96,English
Timothy Castillo,21,84,Math
Samantha Jackson,19,70,Science
Katherine Edwards,22,71,Literature
Peter Smith,21,93,Physics
Mark Watson,19,66,Science
Christina Ruiz,19,71,Science
Catherine Collins,20,97,English
Rachel Bennett,19,77,Science
Joyce Castillo,19,66,History
Martha Lewis,20,86,English
Diane Hernandez,22,83,Literature
John Cruz,23,88,Science
Edward Hernandez,21,82,Biology
Paul Ross,21,70,Math
Stephanie Wilson,22,94,Biology
Matthew Jones,22,90,Chemistry
Catherine King,21,95,Science
Janet Alvarez,20,78,Physics
Julie Martin,20,80,Literature
Patricia Walker,23,98,Math
Janet James,18,85,English
Frank Lopez,19,88,Biology
Justin Harris,21,80,Math
Kelly Kelly,23,89,History
Alexander Robinson,22,86,Science
Julie Cox,21,77,Literature
Amanda Martinez,21,74,English
Brian Wilson,21,91,English
Laura Nelson,18,83,Science
Jeremy Reyes,23,78,Math
Elizabeth Miller,21,82,Physics
Carol Rodriguez,20,87,History
Nicole Cook,20,99,Math
Brian Myers,19,96,Science
Anthony Ramos,18,86,Science
Evelyn King,23,72,English
Steven Wright,22,93,Literature
Jack Green,18,84,English
Rebecca Thompson,20,82,Science
Larry Hughes,19,88,Physics
Brenda Brown,18,88,Physics
Joshua Cruz,21,88,History
Evelyn Flores,21,81,Science
Jack Mitchell,18,82,Math
Olivia Hall,22,70,Science
Zachary White,21,65,History
Jessica Cruz,23,86,English
Brian Miller,23,92,Literature
Aaron Sanders,23,82,History
Michael Rivera,20,89,Literature
Noah Diaz,18,67,English
Janet Lewis,19,93,Physics
Jennifer Edwards,23,70,English
Lisa Davis,19,77,Chemistry
Emily Baker,20,91,Math
Jerry Lewis,18,73,Physics
Amy Morris,21,87,Literature
Ruth Evans,18,92,Chemistry
Carl Scott,23,82,Chemistry
Paul Morales,20,76,Biology
Hannah Alvarez,23,71,Science
Peter Phillips,18,87,Physics
Terry Martin,23,78,Math
Kevin Alvarez,21,95,Biology
Sharon Jimenez,18,69,Science
James Wright,19,95,Literature
Margaret Sanders,21,65,Literature
Joseph Turner,18,85,Literature
Ashley Morales,18,73,English
Hannah Brooks,20,76,Physics
Anna Martinez,19,71,History
Raymond Brooks,23,68,Science
Angela Gomez,22,78,Chemistry
Heather Edwards,19,69,Science
Aaron Phillips,21,69,Literature
Madison Richardson,21,67,Science
Megan Ross,23,74,Literature
Keith Price,18,78,Science
Alexander Miller,19,75,Biology
Patricia Kim,18,97,Science
Maria Smith,18,94,Literature
Madison Williams,18,71,English
Brandon Patel,18,90,Math
Jennifer Perry,22,72,Chemistry
Richard Alvarez,23,88,Physics
Barbara King,18,68,English
Rebecca Alvarez,22,76,Math
William Jenkins,21,87,Physics
Peter Sanchez,19,75,Literature
Adam Ramos,20,97,Biology
Edward Gutierrez,19,95,Science
Julie Evans,20,67,Chemistry
Timothy Richardson,19,83,Literature
Mark Russell,20,89,History
Susan Jimenez,21,87,History
Kenneth Jimenez,22,89,Biology
Ruth Diaz,21,87,Physics
Deborah Taylor,21,87,History
Janet Watson,23,86,Chemistry
Sean Jenkins,19,94,English
Austin Miller,19,90,Physics
Catherine Clark,23,83,History
Jacqueline Anderson,23,84,Science
Edward Stewart,20,98,Chemistry
William Cruz,18,98,English
Samuel Gonzalez,18,68,Chemistry
Joyce Turner,21,94,Math
Nicole Reyes,18,95,Math
Pamela Gutierrez,19,65,Biology
Benjamin Parker,20,72,Biology
Patrick Alvarez,18,84,History
Helen Walker,23,68,Science
Nathan Patel,20,99,Physics
Linda Wood,22,89,Chemistry
Aaron Gonzalez,23,96,Biology
Dorothy Ward,18,80,Chemistry
Hannah Bennett,22,79,English
Terry Walker,22,98,English
Daniel Myers,21,87,Math
Helen Brown,23,78,English
Joseph Jones,21,70,Physics
Emma Price,22,67,Math
Judith Hughes,20,82,History
Aaron Perez,20,86,Biology
Justin Chavez,18,71,Literature
Matthew Stewart,21,72,English
Christopher Jimenez,18,100,Biology
Elizabeth Morris,22,93,Biology
Walter Murphy,20,95,History
Emily Brown,21,79,Chemistry
Justin Foster,22,84,Biology
Christine Edwards,23,72,Math
Jacob Edwards,23,87,Math
Diane Nelson,21,85,Science
Kimberly Anderson,21,86,Chemistry
Amanda Kim,23,83,Chemistry
Benjamin Roberts,19,67,Chemistry
Susan Sanchez,19,96,Math
Amanda Wilson,20,84,Science
Jose Wright,22,65,Chemistry
David Long,21,90,Literature
Jeffrey Gonzalez,22,66,Physics
Samuel Mitchell,20,94,Literature
Jacob Jones,19,75,Math
Evelyn Rivera,21,89,Biology
Gloria Gutierrez,18,84,Chemistry
Elizabeth Russell,22,87,Physics
Eric Walker,22,95,English
Laura Moore,22,65,Chemistry
Michael Edwards,19,71,Chemistry
Catherine Mitchell,23,76,Biology
Ronald Young,19,81,Biology
Donald Ortiz,22,65,Science
Jeremy Price,22,83,English
Eric Wood,19,95,Literature
Michael Thompson,18,81,Math
Terry Howard,19,69,Biology
Kenneth Bennett,23,85,Chemistry
Olivia Nelson,23,94,English
Joan King,23,69,Chemistry
Pamela Taylor,22,80,Physics
Raymond Campbell,22,95,Chemistry
Amanda Nelson,18,90,Chemistry
Robert Clark,22,69,Physics
Dorothy Lopez,18,100,Physics
Catherine Brooks,23,73,Science
Brandon Anderson,21,78,Literature
Christine Gomez,19,78,Literature
Jeffrey Anderson,21,84,Biology
Linda Walker,22,73,Science
Thomas Lopez,18,75,Biology
Christina Green,20,91,Chemistry
Nicole Howard,23,74,Literature
Debra White,23,89,History
Joshua Gutierrez,20,84,Science
Deborah Rodriguez,21,67,History
Jason Hernandez,21,68,Science
Michelle Wright,22,88,Chemistry
Terry Ramirez,21,96,History
Betty Chavez,21,87,Biology
Jeremy Hughes,22,73,Physics
Judith Parker,23,80,Biology
Christine King,21,68,Science
Andrew Kelly,19,82,History
Emily Ruiz,19,80,Math
George Morales,20,100,Literature
Steven Kim,23,94,Physics
Jack Ramirez,20,90,Literature
Jonathan Patel,18,72,Physics
Carol Johnson,22,68,History
Martha Cook,18,100,History
Richard Davis,22,98,English
Noah Reyes,18,89,Chemistry
Michelle Cooper,18,86,Science
Ryan Evans,23,98,English
Peter Young,18,99,History
Janet Diaz,19,74,Math
Elizabeth Rivera,19,76,Science
Douglas Lopez,19,74,History
Angela Edwards,18,74,Physics
Sean Robinson,23,70,Biology
Christina Morales,22,88,History
Victoria Howard,23,88,Biology
Andrew Parker,21,96,Physics
Lauren Martin,18,92,Chemistry
Hannah Smith,19,85,History
Kyle Ramos,21,79,English
Martha Jones,19,68,Science
Anna Myers,19,82,Literature
Brandon Watson,23,93,Science
Susan Richardson,21,89,English
Heather Hughes,18,94,History
Jerry Young,22,88,English
Jacob Myers,18,94,Biology
Linda Patel,22,85,Biology
Austin Walker,18,96,History
Raymond James,20,92,Science
Dennis Harris,21,89,Math
Adam Evans,23,67,Science
Austin Phillips,23,71,Literature
Nancy Adams,21,86,Chemistry
Ryan Ortiz,22,99,Literature
Ronald Mendoza,20,92,Literature
Donna Parker,22,68,History
Heather Anderson,23,71,Math
Kelly Williams,23,93,Physics
Rachel Gomez,20,99,Literature
Catherine Ortiz,19,98,Chemistry
Donna Cruz,20,72,English
Olivia Young,23,74,Chemistry
Richard Hernandez,22,78,Science
Anna King,23,78,Chemistry
David Nguyen,18,83,Science
Helen Ramirez,18,74,Literature
Debra Lewis,22,93,Physics
Margaret Foster,18,72,Chemistry
Rebecca Lopez,23,99,Literature
Gerald Nguyen,22,95,Physics
Frank Howard,20,99,Math
Matthew Jenkins,23,95,Chemistry
Gary Powell,23,84,Biology
Lisa Lewis,20,77,Math
Elizabeth Phillips,23,78,Biology
Cynthia Peterson,22,73,Science
Sean Perez,23,88,Physics
Olivia Adams,21,80,Physics
Nicholas Taylor,20,90,Math
Donald Torres,22,84,Chemistry
Michael Morales,20,65,Literature
Melissa Morris,21,72,Science
Karen Clark,20,71,Chemistry
Frank Young,21,72,Chemistry
Catherine Jackson,22,96,Physics
Sandra Martinez,22,77,Physics
Hannah Allen,23,85,Literature
Gerald Reed,21,77,Physics
Cheryl Jones,19,85,Math
Virginia Gray,20,99,History
Alexander Kim,20,87,Chemistry
Joan Brooks,20,81,Chemistry
Nathan White,19,84,Literature
James Gomez,21,76,Chemistry
Raymond Clark,23,77,Literature
Brandon Adams,22,87,Math
Mary Hill,19,73,Physics
John Moore,23,68,English
Karen Price,20,82,English
Martha Morales,22,81,Physics
Nancy Perez,21,96,Science
Katherine Moore,23,73,Literature
Ryan Perez,19,68,Math
Pamela Bailey,23,76,Literature
Michael Green,19,75,History
Gregory Sanchez,20,83,Chemistry
Sean Torres,23,77,Biology
Noah Jimenez,22,87,English
Sandra Rogers,18,67,Math
Justin Alvarez,18,69,History
Linda Murphy,23,74,Chemistry
Joshua Walker,19,81,Physics
Dennis Gutierrez,22,78,Literature
Christian Young,20,74,Math
Nicholas Lee,18,67,Chemistry
Carol Sanders,19,83,Literature
Keith Cooper,18,89,Science
Kimberly Green,18,66,Literature
Virginia Mendoza,23,85,Chemistry
Larry Gray,19,65,English
Jeremy Harris,18,77,Physics
Stephen Murphy,22,91,English
Kathleen Jimenez,19,71,Math
Daniel Nelson,18,65,English
Jerry Torres,22,97,Chemistry
Ryan Perry,20,99,History
Amy Williams,22,86,Science
Steven Moore,19,91,Physics
Adam Bennett,23,86,Physics
Keith Reed,21,72,History
Douglas Morris,19,97,Math
Ashley Cook,20,82,History
Gerald Long,22,75,Literature
James Green,19,80,Math
Richard Turner,21,87,English
Raymond Adams,23,71,Literature
Thomas Myers,21,97,Chemistry
Gerald Hall,18,78,History
Carolyn James,18,89,Biology
Matthew Scott,22,97,Literature
Michael Robinson,23,70,Chemistry
Frank Taylor,21,81,Physics
Carol Rivera,19,82,Chemistry
Scott Diaz,18,94,History
Dennis Collins,22,71,English
Laura Murphy,18,74,Science
Gloria Martin,19,95,Math
Jessica Williams,19,79,History
Sandra Smith,22,79,History
Sandra Morales,23,85,English
John Jackson,19,89,Chemistry
Brenda Green,21,75,Literature
Elizabeth Reed,18,84,English
Laura Long,19,80,Science
Kenneth Smith,20,90,Biology
Carolyn Brooks,22,77,Chemistry
Kelly Cook,19,92,English
Zachary Baker,19,76,History
Noah Johnson,21,90,Biology
Michelle Williams,22,68,Math
Thomas Morris,23,74,Science
Sean Kelly,18,92,Math
Lisa Wood,18,82,Math
Robert Evans,20,85,English
Jonathan Torres,18,71,History
Ethan Price,18,84,English
Raymond Rivera,20,69,English
Keith Young,21,67,Math
Pamela Price,22,99,Science
Donald Hall,19,74,Chemistry
Victoria Morgan,23,91,Literature
Nicholas Gonzalez,21,90,Physics
Adam Chavez,21,86,History
John Ross,21,85,History
Betty Gutierrez,21,70,Science
Sean Ward,20,82,Chemistry
Rachel Long,20,91,Math
Nancy Evans,21,94,History
Olivia Garcia,18,79,Biology
Victoria Kelly,22,77,History
Amy Martinez,18,82,Math
Aaron Clark,23,93,Literature
Charles Johnson,22,89,Chemistry
Rebecca Williams,18,98,History
Robert Anderson,18,96,English
Christine Morgan,19,81,Math
Adam Nelson,18,76,Literature
Shirley Myers,21,73,English
Christopher Cruz,21,98,Literature
Jason Moore,21,68,Literature
Melissa Thomas,22,100,History
Dorothy Reed,18,100,Science
Kyle Gomez,22,70,Chemistry
Emma Young,19,71,Physics
Donald Miller,22,93,Biology
Julie Murphy,21,70,Science
Michelle Bennett,23,84,Math
Kelly Campbell,23,80,Math
Robert Ortiz,23,76,Chemistry
Dorothy Brooks,23,96,English
Nathan Reyes,21,80,Physics
Jacqueline Reed,21,93,Literature
Raymond Hughes,20,80,History
Ronald Martinez,20,95,History
Carol Cruz,21,78,English
Linda Cox,19,75,Science
Joseph Morales,18,95,English
Jason Mitchell,22,70,Science
Diane Thomas,21,73,Literature
Patricia Davis,23,68,Math
Judith Miller,18,79,Biology
Zachary Jones,18,93,Science
Gary Campbell,22,80,Physics
Jose Castillo,19,81,Biology
Evelyn Perry,18,82,History
Patricia Sanders,19,94,Math
Brenda Cooper,19,79,Chemistry
Gregory Long,23,80,Physics
Rachel Turner,22,80,Physics
Cheryl Stewart,18,67,Math
Jennifer Sanders,23,67,Biology
Austin Johnson,21,81,Science
Nathan Powell,21,79,Literature
Ashley Moore,20,97,History
Stephanie Thompson,23,98,Math
